category,t1,t2,t3,t4,t5,t6,t7,t8,t9,t10,t11,t12
increasing,917.8175014154068,-2184.528516011559,353.0026321684867,3469.408486825621,4244.472148745397,2268.185850475102,4376.2829188082205,2180.501521988011,3534.764696012275,5235.805596659847,4818.234799475178,8782.400013215667
increasing,1225.565257284751,4254.0059952522515,2567.406944056642,2777.0177831579176,4273.112729695295,3491.425562206756,4876.500721186737,5075.204613356,8604.780406736112,7764.493829735698,8645.073318878727,7205.666424102627
increasing,423.4917009314032,982.6270721427844,1234.6861758602124,1606.073761345421,1013.9060147491517,2092.584021794254,1818.8839761768918,3026.3597837634975,4150.559794325822,6759.518683042776,5628.725664426242,7806.550192938716
increasing,1030.0846964014602,1501.6363280908351,1693.856215427391,2861.2582812105225,3449.297304507492,5209.375704964536,4844.473817820714,5573.207545212251,7422.872876539833,6990.232352701627,7913.2039835537435,8577.336739201584
increasing,1598.2476153644373,1715.3595500822198,1212.3460756121256,1293.9846298990333,574.0094246592835,2804.1352725077436,3244.3383193194863,2762.4873587417096,2818.0728749778696,3247.889019583477,4243.679649550948,4778.864973360918
increasing,538.6311237887483,1202.2819234015294,460.5302153912834,1088.6739991605787,478.605035238323,667.8833138158191,1784.7818565144785,2750.358070403396,3671.7478873047157,3948.204347624602,6813.103105542458,5525.317901377307
increasing,2104.122446611007,2180.6252059695967,1832.9829144490552,3274.190102658888,2531.057240161719,2705.559786060252,1440.1041800545543,3039.4018966155268,4065.858674769165,3748.4163302711895,4646.868058826068,5985.021059483653
increasing,1387.9602527659931,1182.6671603249617,1996.0589064186765,2382.9757517133894,2656.5080756018833,3154.541377740741,3360.021039787876,4539.591877087496,3622.143549086198,5539.965885429705,5210.366575210667,5266.172395639804
increasing,762.9818692267066,2453.5835396913026,298.5779988390053,385.06824278499687,2009.3280026206787,1875.5595019270318,2332.0264014614017,2780.228668902864,3956.5569091551492,4174.71964091151,4436.312167155758,5021.039461772677
increasing,-476.96104028315375,-260.7438704352595,266.3717686263598,-152.1519539643619,593.2014788028062,2948.957063151567,2042.4047787204138,2085.6521904516285,3610.154788264339,4060.7976025443722,4661.764611141935,6042.163545855367
increasing,1708.69099632761,689.7678058263216,3152.270566765046,2297.3621415815123,3929.041333106667,4001.5512085978744,4816.419343968118,6629.689191876287,5837.976778156971,8453.62450230717,8811.840812011795,8848.007192857069
increasing,1106.9405985085104,1885.7791883003129,1023.2747007691671,889.9661380314033,3157.455499350178,2936.9973329345626,4725.4601565514195,4673.457104728772,5469.660054305555,8067.878656135426,8815.099229219613,8944.440225868158
increasing,1731.9427467321452,2771.2472785248274,613.4731875520628,1848.8687511619175,3475.9491341470143,3698.774353227804,4578.6785660957985,4002.3945344808926,6207.072295869016,8568.180613141853,7283.061136664396,8499.234812461438
increasing,236.5639193351807,624.3076112536172,500.2848132204831,-32.16795394096414,868.1515005995919,1471.211030639301,1906.6760903939658,2126.925411258129,3112.980539304342,3392.869690104334,4794.121208624236,5093.992698487024
increasing,1165.72187595337,1834.652270602929,4031.8158548471865,2020.4571748222124,2449.181550351226,2888.70582150108,3997.429811774532,4054.1807539475085,5074.356476644762,6980.130713856766,7169.797841443034,8100.000191065765
increasing_slow,1833.2421593084116,1466.386283669197,2611.905912178579,3381.4045056747696,3724.6559719127254,4481.021879115336,5970.184807065947,5282.160017684751,4997.142645941471,6329.0258010209645,6376.639567073954,6346.532263719843
increasing_slow,560.7948592442381,2875.8293358051055,2640.069611397111,4207.767508508741,3552.0231726987463,5139.96066481004,3720.507645254509,5287.459584750377,4183.337209569189,7306.677813425423,5998.64629145426,7072.069726209274
increasing_slow,2118.6772277991545,2750.112986676176,3395.0482214420063,4721.970634077748,4401.8838981312465,4319.044409425334,3213.6730111028305,5782.234326086216,3637.0057298807747,4768.25307049803,5844.922454733295,5281.08090069317
increasing_slow,-484.0781975759536,-1397.0782682504266,880.9751112439172,3067.540003793635,1949.3339045005212,6524.123103041882,5340.153539916431,5717.973449654821,6950.313822563432,7068.33704792992,7859.110237324698,7645.6516171722815
increasing_slow,-11.625292452820304,778.4727443958479,1024.0265473519262,581.1365944909322,4605.041138478,4520.454768693478,5230.799511396866,7916.390195050849,5212.80608764813,4653.645513726622,6869.671839197305,6806.50982579801
increasing_slow,338.86638049472396,98.70552742542712,1330.1241304279188,2301.822943289809,3079.7874811325128,3009.479044098721,3634.9024930125697,4154.63075434774,4410.313980650504,4471.768231698003,4490.495182360716,5403.362298563023
increasing_slow,507.45587055044666,219.78918593476538,64.1553948873131,2894.627450034273,2857.75790065425,3835.2338015887694,4810.816681115483,5348.310545875568,7229.879411689796,5827.313753214756,6725.807369228182,7861.625112854376
increasing_slow,956.8566093110621,3892.022537633168,6163.613479344376,7019.505618039157,5345.520671400637,6534.400864718548,7110.754653142181,8126.034346797438,9555.559970114296,9365.923546845597,9798.098040698227,8155.978843689114
increasing_slow,1567.6214309453942,1542.2763392558293,1858.4366313187384,2731.099760281746,3590.572658592219,4428.794332971243,4674.816108347484,4936.259002180037,5284.916406952863,5529.171784660621,5851.975210858384,6247.040580659169
increasing_slow,2153.881939215459,3979.126120760441,4101.828434891541,4544.017530313713,5215.955925813282,6006.658815646129,6386.176155932816,6450.790372977855,6595.458215729291,7232.895432970724,9060.182382700816,8349.842451930464
increasing_slow,2232.9034823162847,2539.4662038489573,3089.3013423942907,3873.390314417064,3540.3332634116437,4162.395554938866,3257.7600362959524,4125.159180925814,4852.194355678527,5247.229753146898,4881.262517683817,5890.11468011978
increasing_slow,3283.982696566671,3282.771106586782,4143.8319184175625,4566.167996497467,5043.690700029065,5401.5332585088845,6641.903029656067,5697.968728351489,6348.246315302634,7053.035964115104,6566.614300906051,7755.39260227526
increasing_slow,908.0776448699952,1063.9591556553057,1810.2078187830252,1941.4954199795607,2787.5252059822224,3902.7870258160438,4608.241149679284,5503.81030622996,6620.024444705997,5839.881941368779,5729.619323587195,5911.511038435104
increasing_slow,593.4332233243373,2159.6532473268676,4485.782481461481,4088.8363662391425,5842.237463287521,4605.660766831976,6917.491931582156,7220.014614639072,7391.466986285053,7813.929694383212,8124.233490292243,8854.64385933797
increasing_slow,591.0075136777353,433.74278015226747,190.62818172042478,1223.6947889308726,2549.7995129628703,3203.9743972033043,3368.3730370630565,5580.394739201242,5133.710168616698,5102.938425036855,5436.371128904521,5836.219307751406
neutral,2297.172655155285,4970.562254273905,4966.290450509292,2107.857841003681,1133.4506850266844,2805.6433924552575,5878.450619768239,1292.277592962918,3209.2914558614393,3544.80433855485,4263.840151860825,2369.7379355462804
neutral,1898.2865942910253,7077.054376445428,5750.849693031085,2399.6945863438873,5816.580030807339,5814.074019207596,3783.7917709082426,9094.475630895044,1364.8681025726196,8581.436556026138,2947.6240351379256,2247.2038431359106
neutral,5678.818482210225,3192.3162656939585,2877.2658452166856,3668.759493992564,5969.068292339287,6405.275316157331,770.7537171930223,380.33179978263524,5899.410080245327,1448.9130751179255,295.5341304090939,4056.1598341555487
neutral,5254.293922008979,5486.28766899335,2277.0888826357004,5518.270118103238,2539.44648661291,1183.94880057897,6487.944699316343,2673.5693862493617,3719.5148529630465,6885.246236807527,3616.31379892025,5087.559731945897
neutral,571.9523653493517,5985.111830339744,2907.2429813372123,5124.953317019173,4029.4150496428597,2231.300909207017,4688.18605801402,5494.370234489959,4805.689912226048,3676.039911669315,3494.351466407915,5039.1069777605935
neutral,2018.4365852503533,6404.087292325723,2685.7593299230557,3894.4430904074334,1189.6834718592631,5127.174438835862,518.2012051041036,4235.370548933002,5807.712252139765,4978.06453914996,5331.257551185743,2346.327625664706
neutral,3109.395354260047,4039.7111044027806,5625.198216985769,4457.612063841853,4281.711074622332,5103.925536632459,226.92921181053728,731.9412582366324,807.5421649551382,1827.763782067663,1945.0463096396202,2081.0214332480696
neutral,2594.2504533095303,3703.011792791411,3987.771865486087,6449.848407695312,1804.640058050045,2851.187297712857,2372.6112486171073,972.6984274976986,3287.799639500083,2264.0825775034095,1010.150084817455,1980.339024333876
neutral,8334.164579719261,5047.104338392741,1629.5894723838765,6238.583211149562,8714.105322255939,4424.616214778878,5046.42995513104,6322.702919362105,4962.000914181934,9583.577221093161,8476.213789938214,5160.950789673228
neutral,2098.3210468834604,2832.057103955062,1829.8722559744992,3948.5777405385625,445.44171947957693,3726.408508376629,1327.5803709086956,3011.4865999918175,7946.983312126923,2460.5657191327823,432.27590465949623,5990.232871436314
neutral,3111.9782323959844,6106.487673071147,4892.633157725757,2392.4085567927636,4119.106167789701,4958.314100481936,1689.482261331401,3766.2290440069346,6091.946774442513,9837.583949568105,7260.910159428947,1250.1212091589173
neutral,3373.3756713866633,3737.268281877591,3491.637524780658,5461.58582921009,4311.487713820605,3725.749102982444,4343.925140691459,2859.7677774399854,3545.3748605852506,1326.814699654264,5068.284698394411,5824.864481294804
neutral,629.8949772302277,3428.983691534213,4243.879935341969,4448.314840122873,4126.671673517602,5018.719050428355,2797.791116377749,1087.878835476635,1577.8768254635065,4934.009056093521,4932.042135511956,3494.604176056434
neutral,8225.552687272599,6038.140766828668,3136.8490712388702,4144.753137563517,5929.3954956502985,5920.4600476485975,5619.763183731784,3873.511135076646,3824.842451724038,9197.293687032998,1075.6921494416517,6445.535767398387
neutral,1845.2561294928153,4352.4715126955725,8009.928109335233,6368.044756795849,8681.725334885205,4265.634009995683,5930.433487518567,1143.0209111947547,5036.713020822221,7130.359857219932,4131.095362761053,6865.342243635039
decreasing_slow,967.6673207616507,1941.0791571274224,2495.67327774404,3104.115147744031,3536.0931800911794,4015.680226156427,4309.271457068636,4560.289474895506,4868.267090715472,5126.5956786127335,5343.777651675905,5598.055893130017
decreasing_slow,1562.9663480430856,604.1740042152874,2348.628132981892,3878.345167407232,4426.654087994766,5356.800126129993,5146.446852735349,7077.049915452685,6803.674714737954,7238.270831143682,7718.988364835896,7724.718161852698
decreasing_slow,1062.1267232560772,1728.3561506000833,61.29248621625101,2377.3103732050135,5050.981773815041,2916.474515617265,4752.110290994028,7071.530339110999,6644.66601528106,5085.74159381863,8312.308378176565,6472.6623091078645
decreasing_slow,244.66695284952937,-796.9723453134162,119.50673643711457,2700.947057290554,3261.211757522932,4210.094833722144,3919.3365086207687,5584.262765964871,5315.246432837829,4651.683018252121,4951.562034898114,5654.940862250935
decreasing_slow,2724.553752293517,3427.958824186487,2577.415242488818,3467.5969356616424,4785.270759225125,5643.571995124533,6263.4304703934195,5776.763132063584,7115.465929882191,5762.550171637991,8089.862429087531,9387.555255283167
decreasing_slow,164.79438058960432,164.83588661274862,1248.266148101387,1974.0462577983915,2784.7050366799845,3491.9145265306893,4048.4631399135355,4544.62851915123,5219.695914259219,4368.073343768042,5775.0284955750485,6120.616821247742
decreasing_slow,1686.5849970802885,1729.3780722120794,1730.338158133433,3075.6725989641864,4520.180866899809,5088.400994305093,5574.636397753308,6032.267824946019,6352.88234177086,6780.782612786278,7057.3947997921605,7582.670773605269
decreasing_slow,525.8505301197781,536.1229985466446,2020.055524689366,2469.034670039803,4054.417369311107,5045.727777131488,4989.456664313753,5223.09903753453,6103.714446504025,6120.754841649727,6279.120736326721,7654.687554732028
decreasing_slow,902.8622414169613,3258.476600795746,3693.278439701009,4616.903961959972,4638.496819479045,5312.884460128771,5592.939697572849,5936.443842938277,6464.940308592527,7225.302477784835,7088.739214666792,7433.919275888561
decreasing_slow,265.7953053196619,1940.9350919091985,1971.7475767609671,2924.613380927884,3255.2477805918925,3423.0501454021655,3354.2736202197275,4160.113819070493,4412.179737640654,4402.893789660793,4963.013115891253,5442.313378374518
decreasing_slow,3501.322011251881,4884.154626524374,4702.1128415319245,5241.264364561015,7918.480576508058,9383.127311513068,9401.099626009049,8067.251628497523,10548.628434092603,8124.586135316646,7966.612337534342,10317.469731209912
decreasing_slow,2370.459015282634,3369.0487976973586,4029.589949385225,4558.97925162364,5021.322349105945,5407.266597373728,5748.639970991148,5755.802462687075,7295.668070796952,6507.030654697612,7552.30685652653,6742.799099332763
decreasing_slow,1891.0182560345145,2613.029130134625,3006.032425784336,3376.2598965507104,3223.1440561760755,4235.317978193847,4611.821889742802,4707.024034353433,4912.292964100176,5547.251802227922,5404.013686320811,5575.511239579359
decreasing_slow,3016.990966310749,1874.037937887934,3475.526926153501,6798.602650716371,5849.141734769126,7431.286208780779,7107.270200257749,7623.8263863539905,8668.875068516725,8865.779736063014,9033.101910583982,10681.62909480573
decreasing_slow,2853.550028940691,2003.8184038550369,4874.679087634653,4701.773770449544,8336.32971835215,8121.3827774892825,4821.9354139409725,10555.977148626194,9365.825682803004,9286.59062498324,9440.104229682409,8734.663721454817
decreasing,8551.699065720693,8445.119153926482,8426.588293515599,8563.924754932374,5882.069024161268,5225.5611222165635,4230.539412729263,3646.0199445869566,2721.2956883074044,1797.7028953101549,1324.2128893451563,969.7387559676271
decreasing,5806.476620984477,5828.217250787654,5816.424350039432,4820.8290090042465,3938.791365057059,3202.139931461811,2462.7204045760614,1943.367871920624,1477.8246596895876,-1223.6851974192678,915.8198163670145,656.4852864139466
decreasing,9151.821835331926,7597.738246246523,8241.647709156112,5333.7330610905665,4120.847915673197,2903.2673911569036,4688.115698605185,3969.6572661107166,3289.589819740811,4331.410620060446,80.89919480843787,925.6781538021108
decreasing,6316.833997482707,6466.638765766072,5777.165052593797,4014.8217353791197,2776.4976214415337,2761.2099476493263,2227.4897691194883,1908.5542692093577,833.7037296850576,618.7417469452598,1506.981395870992,2448.2761226303137
decreasing,8593.685908499148,7355.9319611117635,6376.125382635006,5449.716099400841,5425.860835124028,3905.6428581951322,3188.205564812628,2441.353217502104,2439.7405211413225,1377.933625601536,1456.6034768959366,1391.883711935279
decreasing,4882.010094281134,4434.860094238843,3581.7962706015437,3333.8368232960233,2689.1778968753697,2384.633710013952,1951.4591737161554,2388.1320089948363,1046.7569389633982,1487.0059772744648,1549.1696322963842,1951.9517763437786
decreasing,7497.860185193973,6881.3033003872715,6038.156845688127,4812.551553557407,2392.9161767321443,-3188.922966601474,4025.2780436441103,-780.2466468428443,1789.431907809685,6.248680013714136,-223.131554729272,-35.559987588328056
decreasing,9098.189561427705,8504.312072662193,7147.162563249152,5715.2860603753425,5424.818701087703,2758.4449662700226,3421.248941925662,1183.953695830517,815.6786880524251,122.23294946891451,-50.274310041518106,1575.1772836411646
decreasing,6546.215931088093,6352.354840107796,6034.5892074700305,5079.834689166693,3218.158854511114,3722.5698433130287,3252.482932845047,2883.2062521047346,2238.660305895226,2919.1179062575434,2024.968921310208,1958.3473670492851
decreasing,6656.5232435845155,6560.620079124604,4972.641520927579,3296.7168152589948,4635.837600394036,4172.467747930554,2453.635263622154,3082.0334004548395,2790.8719367195463,1745.9372201705992,1287.4880741385223,719.296393551702
decreasing,8195.589797958331,7791.668336801985,6279.070084604324,8652.601693577059,7140.371671688841,5013.271715487572,4103.409246420633,2436.8513732647866,2236.718767436883,2643.0359845336557,1964.061606190641,2020.8618557897291
decreasing,7914.263287290028,5296.061741672721,1698.7332815841844,3574.4333462165355,2960.7986659472313,4025.0021459074846,1706.5777090101328,14.870601004268337,-614.5362663040844,492.4350204767037,1343.3023497009044,866.4005707808433
decreasing,9084.230044490232,4346.398874971071,5095.9609332711225,3795.009015714275,2131.9179781076223,3848.3447207985555,1871.7114164035618,902.827942407671,1891.5136063450238,3430.9856193244086,489.827203419899,599.2294650322965
decreasing,6091.0371863293885,6468.799319643013,6387.449787299219,4244.920074966722,5530.114959277247,5239.74308397054,5295.078908325814,3229.782304441718,4837.679369942636,2413.1162715909013,2154.34584357667,1144.7144482928893
decreasing,5144.251607733336,4592.831397599435,4567.716334292648,3958.922318727433,5107.000752700582,2667.954543483244,2523.029000007829,1507.5997901038857,1728.534438603368,660.8465225048188,545.2439475138269,1483.2765301470483
